adopter_id;full_name;email;phone;address
AD001;Sonnnie Serman;sserman0@upenn.edu;366-102-5233;410 John Wall Drive
AD002;Ozzy Loddon;oloddon1@prweb.com;401-836-5026;58 Bultman Street
AD003;Gabriel Minnette;gminnette2@deliciousdays.com;474-442-6615;97167 Prentice Parkway
AD004;Gus Cornau;gcornau3@cbsnews.com;412-769-9774;89 Debs Way
AD005;Cos Lutz;clutz4@unc.edu;534-719-5557;080 Gerald Pass
AD006;Irwin Nisard;inisard5@forbes.com;164-480-5149;54412 Buhler Crossing
AD007;Gerri Linham;glinham6@last.fm;940-339-3374;94616 Ruskin Terrace
AD008;Torrie Bolus;tbolus7@qq.com;912-181-5055;9228 Myrtle Place
AD009;Nealy Twinterman;ntwinterman8@theguardian.com;446-859-0271;915 Division Center
AD010;Paxton Bidgood;pbidgood9@businesswire.com;751-220-8839;8203 Lukken Park
AD011;Sadye Ramlot;sramlota@soup.io;214-620-2607;3013 Hoffman Way
AD012;Riva MacInherney;rmacinherneyb@goo.gl;314-880-9811;346 Welch Lane
AD013;Bertrando Ennew;bennewc@admin.ch;438-428-3560;52438 Kropf Lane
AD014;Vivienne Coomber;vcoomberd@i2i.jp;652-569-3850;26054 Banding Point
AD015;Olimpia Vernau;overnaue@simplemachines.org;262-297-0707;4 Mallory Alley
AD016;Beatriz Schoenfisch;bschoenfischf@hhs.gov;878-372-1305;64986 Kim Terrace
AD017;Nissie Pelling;npellingg@1und1.de;773-718-3112;6553 Dakota Terrace
AD018;Kerianne MacKey;kmackeyh@drupal.org;829-317-7863;114 Cody Circle
AD019;Emilee De la Barre;edei@jalbum.net;339-565-3054;0 Twin Pines Pass
AD020;Lesley MacCarter;lmaccarterj@blogspot.com;871-449-3509;6563 Holmberg Terrace
AD021;Michal Abbots;mabbotsk@telegraph.co.uk;285-763-1336;2131 Rieder Place
AD022;Ernestine Pietri;epietril@sogou.com;541-221-7834;21403 Barnett Lane
AD023;Pieter Mattschas;pmattschasm@harvard.edu;304-239-6670;57 Meadow Vale Avenue
AD024;Holly Autry;hautryn@elegantthemes.com;735-184-1837;20 Schurz Drive
AD025;Ameline Crellim;acrellimo@princeton.edu;249-795-8366;92072 Nobel Street
AD026;Lynett Chinnery;lchinneryp@over-blog.com;251-141-2467;08838 Londonderry Crossing
AD027;Kristos Hearthfield;khearthfieldq@de.vu;329-849-0785;834 Gina Hill
AD028;Brett Copes;bcopesr@wikia.com;638-445-3863;81 Rieder Way
AD029;Elspeth Crepin;ecrepins@yellowpages.com;574-847-1191;8637 Monument Lane
AD030;Eliot Bartolomeazzi;ebartolomeazzit@go.com;698-390-8465;35 Westerfield Lane
AD031;Leola Granger;lgrangeru@reverbnation.com;695-535-1841;10 Merchant Street
AD032;Dolf Hughlin;dhughlinv@ucla.edu;660-370-3708;123 Eastwood Way
AD033;Sauncho McCheyne;smccheynew@huffingtonpost.com;863-233-7466;44 Monument Drive
AD034;Chiquita Sands-Allan;csandsallanx@acquirethisname.com;920-211-1666;372 Kennedy Center
AD035;Shurwood Averies;saveriesy@accuweather.com;667-716-1691;683 Summit Point
AD036;Chandal Jaukovic;cjaukovicz@shareasale.com;908-240-6946;24 Holmberg Drive
AD037;Hannis McMurraya;hmcmurraya10@1688.com;410-641-3727;347 1st Parkway
AD038;Tarra Flamank;tflamank11@nyu.edu;795-993-0111;28 Lindbergh Plaza
AD039;Peter McCord;pmccord12@sogou.com;840-785-9293;72893 Westport Street
AD040;Zenia Charlton;zcharlton13@nsw.gov.au;613-273-0969;9 Di Loreto Pass
AD041;Marin Zimmermanns;mzimmermanns14@imageshack.us;101-460-3612;1 Redwing Drive
AD042;Caresa Mockler;cmockler15@mysql.com;715-601-3927;85721 Morrow Street
AD043;Velvet Thoresbie;vthoresbie16@microsoft.com;266-831-8072;79 Montana Avenue
AD044;Griffy Josefsen;gjosefsen17@etsy.com;709-275-9182;3 Talisman Point
AD045;Hilda Hagerty;hhagerty18@flickr.com;158-595-5068;5 Lake View Trail
AD046;Doro Grabiec;dgrabiec19@washingtonpost.com;357-640-6067;8722 Moulton Crossing
AD047;Elbert Dumbelton;edumbelton1a@nydailynews.com;469-861-7941;07767 Briar Crest Plaza
AD048;Wallie Doyland;wdoyland1b@skyrock.com;468-451-3895;8016 Grayhawk Lane
AD049;Rosalinda Gilbeart;rgilbeart1c@squidoo.com;178-333-2717;670 Laurel Avenue
AD050;Becca O'Hartigan;bohartigan1d@ucoz.com;298-700-2715;82 Forest Dale Trail