volunteer_id;full_name;email;phone;availability 
V001;Megan Rivera;meganrivera23@sheltermail.com;816-585-5122;Weekdays Mornings
V002;Daniel Moore;daniel.moore@sheltermail.com;679-810-8014;Weekends
V003;Angela Bell;angela.bell100@sheltermail.com;414-356-8249;Weekdays Evenings
V004;Laura Martin;laura555martin@sheltermail.com;144-488-7508;Weekdays Afternoons
V005;Scott Evans;scott.evans@sheltermail.com;230-442-5825;Weekends
V006;Eric Collins;ericccolinss@sheltermail.com;678-424-6700;Weekdays Mornings
V007;Layla Martinez;layla.martinez@sheltermail.com;141-314-7095;Weekdays Evenings
V008;Matthew Jackson;matthew.jackson43@sheltermail.com;986-379-0985;Weekends
V009;Angie Bellas;angiebellas@sheltermail.com;844-542-3854;Weekdays Afternoons
V010;Samantha Jones;samantha.jjones@sheltermail.com;415-232-9253;Weekends
V011;Patrick Campbell;patrickcampbell@sheltermail.com;780-250-4806;Weekdays Mornings
V012;Allison Phill;allison.phill@sheltermail.com;120-971-8550;Weekends
V013;Kimberly Roberts;kimberly.roberts@sheltermail.com;385-267-2940;Weekdays Evenings
V014;Nicole Cook;nicolecook@sheltermail.com;440-550-0011;Weekdays Afternoons
V015;Elizabeth Allen;elizabeth_allen@sheltermail.com;756-529-9190;Weekends
V016;Sarah Davis;sarahdaviis@sheltermail.com;827-887-1801;Weekdays Mornings
V017;Christopher Harris;christopher.harris@sheltermail.com;168-446-3570;Weekdays Evenings
V018;Allison Phillips;allison75phillips@sheltermail.com;703-877-0344;Weekends
V019;James Anderson;james007anderson@sheltermail.com;260-879-2520;Weekdays Afternoons
V020;Samantha Mitchell;samantha.mitchell@sheltermail.com;809-828-3382;Weekends
V021;Sophia Clark;sophiaclarkk@sheltermail.com;148-144-4616;Weekdays Mornings
V022;Madison Parker;madisonnoparker@sheltermail.com;410-546-8888;Weekends
V023;Michael Brown;micaelbrown33@sheltermail.com;828-914-2651;Weekdays Evenings
V024;Mattheas Stiles;mattheastiles9@sheltermail.com;635-682-6851;Weekdays Afternoons
V025;Jessica Taylor;jesssica.tayllor@sheltermail.com;310-754-9158;Weekends
V026;Angela Merkel;angela.merkel@sheltermail.com;374-247-8202;Weekdays Mornings
V027;Justin Murphy;justin.murphy@sheltermail.com;843-804-6938;Weekdays Evenings
V028;Megan Foxy;megan.foxy@sheltermail.com;402-423-9950;Weekends
V029;Lauren Scott;lauren.scott@sheltermail.com;555-544-7665;Weekdays Afternoons
V030;Eliza Smith;elizasmith@sheltermail.com;858-276-9977;Weekends
V031;Eric Cooper;ericcooper@sheltermail.com;135-823-3437;Weekdays Mornings
V032;Christy Brown;christybrown0@sheltermail.com;459-609-8376;Weekends
V033;Timothy Turner;timothyturner@sheltermail.com;532-311-5250;Weekdays Evenings
V034;Brandon Young;brand0n.young@sheltermail.com;928-932-9136;Weekdays Afternoons
V035;Rachel King;rachelking@sheltermail.com;257-667-7506;Weekends
V036;Charles Reed;charlesreed777@sheltermail.com;423-126-8216;Weekdays Mornings
V037;Scott Evans;scottevans@sheltermail.com;436-837-5974;Weekdays Evenings
V038;Lauren Bailey;lauren.bailey@sheltermail.com;790-661-7541;Weekends
V039;Megan White;meganwhitee@sheltermail.com;551-161-1741;Weekdays Afternoons
V040;Gregory Morgan;gregorymorgan@sheltermail.com;791-443-9308;Weekends
V041;Essy Messy;essy.messy@sheltermail.com;610-799-1242;Weekdays Mornings
V042;Sicicilia Quario;siciciliaquario@sheltermail.com;328-345-8128;Weekends
V043;Carrie Bradshaw;carriebradshaw@sheltermail.com;279-801-4693;Weekdays Evenings
V044;Brandon Old;oldiebrandon@sheltermail.com;622-981-0116;Weekdays Afternoons
V045;Olivia Thomas;thomasolivia22134@sheltermail.com;586-433-2945;Weekends
V046;Joshua Lee;joshualee57685487@sheltermail.com;507-517-5586;Weekdays Mornings
V047;Emily Johnson;emilyjohnson@sheltermail.com;535-330-9485;Weekends
V048;Justin Wright;justinwrighht@sheltermail.com;804-362-2746;Weekdays Evenings
V049;Jaseem Mill;mill0jaseeem@sheltermail.com;677-288-5303;Weekdays Afternoons
V050;Eric Adams;ericadamsmain@sheltermail.com;697-937-0167;Weekends